"node_i","node_j","weight","i_cat","j_cat"
"adaptive_n_back.hddm_drift","adaptive_n_back.hddm_drift_load",-0.471338677774826,"task","task"
"adaptive_n_back.hddm_drift","adaptive_n_back.hddm_non_decision",0.104137135015776,"task","task"
"adaptive_n_back.hddm_non_decision","adaptive_n_back.hddm_thresh",-0.298654622508921,"task","task"
"adaptive_n_back.hddm_drift","adaptive_n_back.mean_load.logTr",0.155938371964673,"task","task"
"adaptive_n_back.hddm_drift_load","adaptive_n_back.mean_load.logTr",0.262202908543767,"task","task"
"adaptive_n_back.hddm_thresh","adaptive_n_back.mean_load.logTr",0.176617765476383,"task","task"
"angling_risk_task_always_sunny.keep_adjusted_clicks","angling_risk_task_always_sunny.keep_coef_of_variation",0.10152401292091,"task","task"
"angling_risk_task_always_sunny.keep_adjusted_clicks","angling_risk_task_always_sunny.release_adjusted_clicks",0.415706737166052,"task","task"
"angling_risk_task_always_sunny.keep_coef_of_variation","angling_risk_task_always_sunny.release_coef_of_variation.logTr",0.215642349767118,"task","task"
"angling_risk_task_always_sunny.release_adjusted_clicks","angling_risk_task_always_sunny.release_coef_of_variation.logTr",0.235948823778388,"task","task"
"attention_network_task.alerting_hddm_drift","attention_network_task.hddm_drift",-0.0589112742405613,"task","task"
"attention_network_task.hddm_drift","attention_network_task.hddm_thresh",0.433827529459,"task","task"
"attention_network_task.hddm_non_decision.ReflogTr","attention_network_task.hddm_thresh",0.0627657476813207,"task","task"
"attention_network_task.alerting_hddm_drift","attention_network_task.orienting_hddm_drift",0.417434286627087,"task","task"
"attention_network_task.hddm_drift","attention_network_task.orienting_hddm_drift",-0.0504064299127027,"task","task"
"bickel_titrator.hyp_discount_rate_large.logTr","bickel_titrator.hyp_discount_rate_medium.logTr",0.339311450486055,"task","task"
"bickel_titrator.hyp_discount_rate_large.logTr","bickel_titrator.hyp_discount_rate_small.logTr",0.0610766450968002,"task","task"
"bickel_titrator.hyp_discount_rate_medium.logTr","bickel_titrator.hyp_discount_rate_small.logTr",0.161377378613452,"task","task"
"bis11_survey.Attentional","bis11_survey.Motor.logTr",0.0636749947419473,"survey","survey"
"bis11_survey.Motor.logTr","bis11_survey.Nonplanning",0.158192194813897,"survey","survey"
"bis_bas_survey.BAS_drive","bis_bas_survey.BAS_fun_seeking",0.118595484673715,"survey","survey"
"bis_bas_survey.BAS_drive","bis_bas_survey.BAS_reward_responsiveness",0.230196493979828,"survey","survey"
"bis11_survey.Motor.logTr","brief_self_control_survey.self_control",-0.0660977290919084,"survey","survey"
"bis11_survey.Nonplanning","brief_self_control_survey.self_control",-0.0819443252982102,"survey","survey"
"attention_network_task.hddm_non_decision.ReflogTr","choice_reaction_time.hddm_non_decision.logTr",-0.0615774608749177,"task","task"
"attention_network_task.hddm_thresh","choice_reaction_time.hddm_thresh",0.0974250512006077,"task","task"
"adaptive_n_back.mean_load.logTr","cognitive_reflection_survey.correct_proportion",0.0674569336900875,"task","survey"
"cognitive_reflection_survey.correct_proportion","cognitive_reflection_survey.intuitive_proportion",-0.520117892141145,"survey","survey"
"adaptive_n_back.mean_load.logTr","columbia_card_task_cold.information_use",0.0648371525565184,"task","task"
"columbia_card_task_cold.gain_sensitivity.logTr","columbia_card_task_cold.information_use",0.203000436081007,"task","task"
"columbia_card_task_cold.gain_sensitivity.logTr","columbia_card_task_cold.loss_sensitivity",-0.0677369515195471,"task","task"
"columbia_card_task_cold.information_use","columbia_card_task_cold.loss_sensitivity",-0.260134913014617,"task","task"
"columbia_card_task_cold.information_use","columbia_card_task_cold.probability_sensitivity",-0.105788364715929,"task","task"
"columbia_card_task_cold.avg_cards_chosen","columbia_card_task_hot.avg_cards_chosen",0.30955957939402,"task","task"
"columbia_card_task_cold.gain_sensitivity.logTr","columbia_card_task_hot.gain_sensitivity.logTr",0.159396238363682,"task","task"
"columbia_card_task_cold.information_use","columbia_card_task_hot.information_use",0.125126331834045,"task","task"
"columbia_card_task_hot.gain_sensitivity.logTr","columbia_card_task_hot.information_use",0.227639845503026,"task","task"
"columbia_card_task_cold.loss_sensitivity","columbia_card_task_hot.loss_sensitivity.ReflogTr",-0.112386218353234,"task","task"
"columbia_card_task_hot.gain_sensitivity.logTr","columbia_card_task_hot.loss_sensitivity.ReflogTr",0.0766848893851506,"task","task"
"columbia_card_task_hot.information_use","columbia_card_task_hot.loss_sensitivity.ReflogTr",0.319465141643489,"task","task"
"columbia_card_task_cold.probability_sensitivity","columbia_card_task_hot.probability_sensitivity",0.0864549451859381,"task","task"
"columbia_card_task_hot.information_use","columbia_card_task_hot.probability_sensitivity",-0.214694498772272,"task","task"
"bis_bas_survey.BAS_drive","dickman_survey.functional",0.10862352173547,"survey","survey"
"bis_bas_survey.BIS","dickman_survey.functional",-0.102808263537244,"survey","survey"
"adaptive_n_back.mean_load.logTr","digit_span.reverse_span",0.0753396530924239,"task","task"
"digit_span.forward_span","digit_span.reverse_span",0.293317764944649,"task","task"
"adaptive_n_back.mean_load.logTr","directed_forgetting.hddm_drift",0.060701537216803,"task","task"
"choice_reaction_time.hddm_drift","directed_forgetting.hddm_drift",0.068915995773863,"task","task"
"directed_forgetting.hddm_drift","directed_forgetting.hddm_thresh",0.0535172149371454,"task","task"
"directed_forgetting.hddm_drift","directed_forgetting.proactive_interference_hddm_drift.logTr",0.066637773235891,"task","task"
"directed_forgetting.hddm_thresh","directed_forgetting.proactive_interference_hddm_drift.logTr",0.0938238194089028,"task","task"
"bickel_titrator.hyp_discount_rate_small.logTr","discount_titrate.percent_patient",-0.100626870933079,"task","task"
"dospert_eb_survey.ethical","dospert_eb_survey.financial",0.169737357486576,"survey","survey"
"dospert_eb_survey.ethical","dospert_eb_survey.health_safety.logTr",0.19431799138203,"survey","survey"
"dospert_eb_survey.recreational","dospert_eb_survey.social",0.108055301965592,"survey","survey"
"dospert_eb_survey.ethical","dospert_rp_survey.ethical",-0.0724621583429226,"survey","survey"
"dospert_rp_survey.ethical","dospert_rp_survey.financial",0.103927578997408,"survey","survey"
"dospert_eb_survey.health_safety.logTr","dospert_rp_survey.health_safety",-0.0735500994313368,"survey","survey"
"dospert_rp_survey.ethical","dospert_rp_survey.health_safety",0.352096112570845,"survey","survey"
"dospert_rp_survey.financial","dospert_rp_survey.health_safety",0.108580102879203,"survey","survey"
"dospert_rp_survey.ethical","dospert_rp_survey.recreational",0.125080595625759,"survey","survey"
"dospert_rp_survey.financial","dospert_rp_survey.recreational",0.0804143367464085,"survey","survey"
"dospert_rp_survey.health_safety","dospert_rp_survey.recreational",0.26119078641562,"survey","survey"
"dospert_rp_survey.health_safety","dospert_rp_survey.social",0.0566756240165711,"survey","survey"
"dospert_rp_survey.recreational","dospert_rp_survey.social",0.127586965787793,"survey","survey"
"dospert_eb_survey.ethical","dospert_rt_survey.ethical",0.295162914888858,"survey","survey"
"dospert_rp_survey.ethical","dospert_rt_survey.ethical",-0.165011352758412,"survey","survey"
"dospert_eb_survey.financial","dospert_rt_survey.financial",0.31755436281748,"survey","survey"
"dospert_rp_survey.financial","dospert_rt_survey.financial",-0.237625387949037,"survey","survey"
"dospert_eb_survey.health_safety.logTr","dospert_rt_survey.health_safety",0.244711679145566,"survey","survey"
"dospert_rp_survey.health_safety","dospert_rt_survey.health_safety",-0.163385648351278,"survey","survey"
"dospert_rt_survey.ethical","dospert_rt_survey.health_safety",0.186136566460094,"survey","survey"
"dospert_eb_survey.recreational","dospert_rt_survey.recreational",0.300299919836046,"survey","survey"
"dospert_rp_survey.recreational","dospert_rt_survey.recreational",-0.120228397354588,"survey","survey"
"dospert_eb_survey.social","dospert_rt_survey.social",0.274205356978958,"survey","survey"
"dospert_rp_survey.social","dospert_rt_survey.social",-0.15368456047266,"survey","survey"
"dospert_rt_survey.health_safety","dospert_rt_survey.social",0.0522469525968547,"survey","survey"
"dot_pattern_expectancy.AY.BY_hddm_drift","dot_pattern_expectancy.BX.BY_hddm_drift",0.200793294170486,"task","task"
"dot_pattern_expectancy.BX.BY_hddm_drift","dot_pattern_expectancy.bias",0.177093517893357,"task","task"
"choice_reaction_time.hddm_drift","dot_pattern_expectancy.dprime",0.0513366838884157,"task","task"
"dot_pattern_expectancy.bias","dot_pattern_expectancy.dprime",0.332394907985244,"task","task"
"choice_reaction_time.hddm_drift","dot_pattern_expectancy.hddm_drift",0.0693003837404853,"task","task"
"directed_forgetting.hddm_drift","dot_pattern_expectancy.hddm_drift",0.0936980992164524,"task","task"
"dot_pattern_expectancy.AY.BY_hddm_drift","dot_pattern_expectancy.hddm_drift",-0.202748875632824,"task","task"
"dot_pattern_expectancy.dprime","dot_pattern_expectancy.hddm_drift",0.424612816261427,"task","task"
"dot_pattern_expectancy.dprime","dot_pattern_expectancy.hddm_thresh.logTr",0.192249627906337,"task","task"
"dot_pattern_expectancy.hddm_drift","dot_pattern_expectancy.hddm_thresh.logTr",0.0988567663589957,"task","task"
"dot_pattern_expectancy.hddm_non_decision","dot_pattern_expectancy.hddm_thresh.logTr",-0.269557864328133,"task","task"
"bis_bas_survey.BIS","eating_survey.emotional_eating",0.0543438042483348,"survey","survey"
"brief_self_control_survey.self_control","eating_survey.emotional_eating",-0.0521310026185844,"survey","survey"
"brief_self_control_survey.self_control","eating_survey.uncontrolled_eating",-0.0630478265493973,"survey","survey"
"eating_survey.emotional_eating","eating_survey.uncontrolled_eating",0.450989524271771,"survey","survey"
"bis_bas_survey.BAS_reward_responsiveness","erq_survey.suppression",-0.0660021799401371,"survey","survey"
"bis11_survey.Attentional","five_facet_mindfulness_survey.act_with_awareness",-0.200358426191249,"survey","survey"
"brief_self_control_survey.self_control","five_facet_mindfulness_survey.act_with_awareness",0.0731768153067501,"survey","survey"
"dickman_survey.functional","five_facet_mindfulness_survey.describe",0.0624856907510607,"survey","survey"
"erq_survey.reappraisal","five_facet_mindfulness_survey.describe",0.0729316226067234,"survey","survey"
"erq_survey.suppression","five_facet_mindfulness_survey.describe",-0.129727547222294,"survey","survey"
"five_facet_mindfulness_survey.act_with_awareness","five_facet_mindfulness_survey.describe",0.074149910222304,"survey","survey"
"bis_bas_survey.BIS","five_facet_mindfulness_survey.nonreact",-0.107731513980725,"survey","survey"
"erq_survey.reappraisal","five_facet_mindfulness_survey.nonreact",0.10005241546254,"survey","survey"
"five_facet_mindfulness_survey.describe","five_facet_mindfulness_survey.nonreact",0.0739288302014498,"survey","survey"
"bis11_survey.Nonplanning","five_facet_mindfulness_survey.observe",-0.0597624941594084,"survey","survey"
"bis_bas_survey.BAS_drive","future_time_perspective_survey.future_time_perspective",0.0701135543877319,"survey","survey"
"bis_bas_survey.BAS_reward_responsiveness","future_time_perspective_survey.future_time_perspective",0.0505780427006118,"survey","survey"
"erq_survey.reappraisal","future_time_perspective_survey.future_time_perspective",0.105943938145315,"survey","survey"
"attention_network_task.hddm_thresh","go_nogo.bias",0.0694337381679574,"task","task"
"attention_network_task.hddm_drift","go_nogo.dprime",0.143981697567423,"task","task"
"bis11_survey.Attentional","grit_scale_survey.grit",-0.10946067086413,"survey","survey"
"brief_self_control_survey.self_control","grit_scale_survey.grit",0.129321592547644,"survey","survey"
"five_facet_mindfulness_survey.act_with_awareness","grit_scale_survey.grit",0.0803982101883763,"survey","survey"
"adaptive_n_back.mean_load.logTr","hierarchical_rule.score",0.0554749990627671,"task","task"
"directed_forgetting.hddm_drift","hierarchical_rule.score",0.0718694376453735,"task","task"
"holt_laury_survey.beta.logTr","holt_laury_survey.risk_aversion",0.493522877266919,"survey","survey"
"holt_laury_survey.beta.logTr","holt_laury_survey.safe_choices",0.106872655251015,"survey","survey"
"holt_laury_survey.risk_aversion","holt_laury_survey.safe_choices",0.185626452160742,"survey","survey"
"dospert_rt_survey.recreational","impulsive_venture_survey.venturesomeness",0.134718545617099,"survey","survey"
"information_sampling_task.Decreasing_Win_P_correct","information_sampling_task.Fixed_Win_P_correct",0.1593283778727,"task","task"
"information_sampling_task.Decreasing_Win_motivation","information_sampling_task.Fixed_Win_motivation",0.482657421745583,"task","task"
"digit_span.forward_span","keep_track.score",0.0840958205095529,"task","task"
"bickel_titrator.hyp_discount_rate_large.logTr","kirby.hyp_discount_rate_large.logTr",0.10610795806656,"task","task"
"bickel_titrator.hyp_discount_rate_medium.logTr","kirby.hyp_discount_rate_large.logTr",0.1909044189055,"task","task"
"bickel_titrator.hyp_discount_rate_small.logTr","kirby.hyp_discount_rate_large.logTr",0.117621338821953,"task","task"
"discount_titrate.percent_patient","kirby.hyp_discount_rate_large.logTr",-0.14045741142322,"task","task"
"bickel_titrator.hyp_discount_rate_medium.logTr","kirby.hyp_discount_rate_small.logTr",0.117735596306659,"task","task"
"bickel_titrator.hyp_discount_rate_small.logTr","kirby.hyp_discount_rate_small.logTr",0.135468958958136,"task","task"
"discount_titrate.percent_patient","kirby.hyp_discount_rate_small.logTr",-0.269655883317196,"task","task"
"kirby.hyp_discount_rate_large.logTr","kirby.hyp_discount_rate_small.logTr",0.410729925647829,"task","task"
"adaptive_n_back.mean_load.logTr","local_global_letter.hddm_drift",0.105667281854302,"task","task"
"columbia_card_task_cold.information_use","local_global_letter.hddm_drift",0.0586412670806289,"task","task"
"choice_reaction_time.hddm_non_decision.logTr","local_global_letter.hddm_non_decision",0.0563283454808758,"task","task"
"attention_network_task.hddm_thresh","local_global_letter.hddm_thresh",0.0670641870618333,"task","task"
"local_global_letter.conflict_hddm_drift","local_global_letter.hddm_thresh",0.268350784008365,"task","task"
"bis11_survey.Attentional","mindful_attention_awareness_survey.mindfulness",-0.101116271947044,"survey","survey"
"eating_survey.uncontrolled_eating","mindful_attention_awareness_survey.mindfulness",-0.0808204552723714,"survey","survey"
"five_facet_mindfulness_survey.act_with_awareness","mindful_attention_awareness_survey.mindfulness",0.366904403594746,"survey","survey"
"five_facet_mindfulness_survey.describe","mindful_attention_awareness_survey.mindfulness",0.125474251274904,"survey","survey"
"five_facet_mindfulness_survey.nonjudge","mindful_attention_awareness_survey.mindfulness",0.0529019186234724,"survey","survey"
"choice_reaction_time.hddm_drift","motor_selective_stop_signal.hddm_drift",0.0687095568534245,"task","task"
"motor_selective_stop_signal.SSRT","motor_selective_stop_signal.hddm_drift",-0.0706668033089354,"task","task"
"attention_network_task.hddm_non_decision.ReflogTr","motor_selective_stop_signal.hddm_non_decision.ReflogTr",0.081779302403994,"task","task"
"motor_selective_stop_signal.SSRT","motor_selective_stop_signal.hddm_non_decision.ReflogTr",-0.0643797884137928,"task","task"
"local_global_letter.hddm_thresh","motor_selective_stop_signal.hddm_thresh.logTr",0.0619836961376443,"task","task"
"motor_selective_stop_signal.hddm_drift","motor_selective_stop_signal.hddm_thresh.logTr",0.238743397453015,"task","task"
"motor_selective_stop_signal.hddm_non_decision.ReflogTr","motor_selective_stop_signal.hddm_thresh.logTr",0.124031678353565,"task","task"
"motor_selective_stop_signal.hddm_drift","motor_selective_stop_signal.proactive_control_hddm_drift",-0.218673302829605,"task","task"
"motor_selective_stop_signal.hddm_non_decision.ReflogTr","motor_selective_stop_signal.proactive_control_hddm_drift",-0.0514081948808126,"task","task"
"bis11_survey.Motor.logTr","mpq_control_survey.control.ReflogTr",0.118016295519518,"survey","survey"
"bis11_survey.Nonplanning","mpq_control_survey.control.ReflogTr",0.0766948440054889,"survey","survey"
"bis_bas_survey.BAS_fun_seeking","mpq_control_survey.control.ReflogTr",0.0606750111372177,"survey","survey"
"brief_self_control_survey.self_control","mpq_control_survey.control.ReflogTr",-0.0625287637371024,"survey","survey"
"adaptive_n_back.mean_load.logTr","ravens.score",0.119999570779987,"task","task"
"cognitive_reflection_survey.correct_proportion","ravens.score",0.187392216905448,"survey","task"
"columbia_card_task_cold.information_use","ravens.score",0.0826175106779429,"task","task"
"dot_pattern_expectancy.hddm_drift","ravens.score",0.100716489401481,"task","task"
"information_sampling_task.Fixed_Win_P_correct","ravens.score",0.0790114909408528,"task","task"
"keep_track.score","ravens.score",0.0955909181929641,"task","task"
"local_global_letter.hddm_drift","ravens.score",0.0666291986356045,"task","task"
"choice_reaction_time.hddm_drift","recent_probes.hddm_drift",0.0654396505348956,"task","task"
"directed_forgetting.hddm_drift","recent_probes.hddm_drift",0.255662218814974,"task","task"
"dot_pattern_expectancy.dprime","recent_probes.hddm_drift",0.0805395532192182,"task","task"
"ravens.score","recent_probes.hddm_drift",0.0583554165456457,"task","task"
"attention_network_task.hddm_non_decision.ReflogTr","recent_probes.hddm_non_decision",-0.0549035537949459,"task","task"
"directed_forgetting.hddm_non_decision","recent_probes.hddm_non_decision",0.159301156070737,"task","task"
"directed_forgetting.hddm_thresh","recent_probes.hddm_thresh",0.176298207355183,"task","task"
"grit_scale_survey.grit","selection_optimization_compensation_survey.elective_selection",0.0936854195411491,"survey","survey"
"mpq_control_survey.control.ReflogTr","selection_optimization_compensation_survey.elective_selection",-0.0600250278582603,"survey","survey"
"selection_optimization_compensation_survey.compensation","selection_optimization_compensation_survey.loss_based_selection",0.117203718019054,"survey","survey"
"selection_optimization_compensation_survey.elective_selection","selection_optimization_compensation_survey.loss_based_selection",0.115045126940363,"survey","survey"
"grit_scale_survey.grit","selection_optimization_compensation_survey.optimization.ReflogTr",-0.102005954100339,"survey","survey"
"selection_optimization_compensation_survey.compensation","selection_optimization_compensation_survey.optimization.ReflogTr",-0.344349610351268,"survey","survey"
"selection_optimization_compensation_survey.elective_selection","selection_optimization_compensation_survey.optimization.ReflogTr",-0.116738179873604,"survey","survey"
"bis11_survey.Nonplanning","self_regulation_survey.control",-0.1048762989946,"survey","survey"
"brief_self_control_survey.self_control","self_regulation_survey.control",0.125898576319416,"survey","survey"
"erq_survey.reappraisal","self_regulation_survey.control",0.0671844543017884,"survey","survey"
"five_facet_mindfulness_survey.act_with_awareness","self_regulation_survey.control",0.0658007518416088,"survey","survey"
"five_facet_mindfulness_survey.describe","self_regulation_survey.control",0.104700806198964,"survey","survey"
"five_facet_mindfulness_survey.nonreact","self_regulation_survey.control",0.0649663195882383,"survey","survey"
"future_time_perspective_survey.future_time_perspective","self_regulation_survey.control",0.0914101202208752,"survey","survey"
"grit_scale_survey.grit","self_regulation_survey.control",0.112542831892669,"survey","survey"
"selection_optimization_compensation_survey.optimization.ReflogTr","self_regulation_survey.control",-0.10109880465327,"survey","survey"
"bis_bas_survey.BAS_fun_seeking","sensation_seeking_survey.boredom_susceptibility",0.050267903702657,"survey","survey"
"dospert_rt_survey.ethical","sensation_seeking_survey.boredom_susceptibility",0.0855434364872689,"survey","survey"
"bis_bas_survey.BAS_fun_seeking","sensation_seeking_survey.disinhibition",0.117502143799,"survey","survey"
"dospert_eb_survey.health_safety.logTr","sensation_seeking_survey.disinhibition",0.0721433646413245,"survey","survey"
"dospert_rt_survey.health_safety","sensation_seeking_survey.disinhibition",0.132013294705631,"survey","survey"
"sensation_seeking_survey.boredom_susceptibility","sensation_seeking_survey.disinhibition",0.119595304198767,"survey","survey"
"dospert_rt_survey.social","sensation_seeking_survey.experience_seeking",0.127156005473713,"survey","survey"
"impulsive_venture_survey.venturesomeness","sensation_seeking_survey.experience_seeking",0.0680602332075109,"survey","survey"
"sensation_seeking_survey.disinhibition","sensation_seeking_survey.experience_seeking",0.207242340811363,"survey","survey"
"dospert_eb_survey.recreational","sensation_seeking_survey.thrill_adventure_seeking",0.0992401359568757,"survey","survey"
"dospert_rt_survey.recreational","sensation_seeking_survey.thrill_adventure_seeking",0.226522497568205,"survey","survey"
"impulsive_venture_survey.venturesomeness","sensation_seeking_survey.thrill_adventure_seeking",0.334235211816213,"survey","survey"
"attention_network_task.hddm_drift","shape_matching.hddm_drift",0.0749546046989827,"task","task"
"choice_reaction_time.hddm_drift","shape_matching.hddm_drift",0.106240054048701,"task","task"
"dot_pattern_expectancy.hddm_drift","shape_matching.hddm_drift",0.0764929052854975,"task","task"
"go_nogo.dprime","shape_matching.hddm_drift",0.0544790332363479,"task","task"
"recent_probes.hddm_drift","shape_matching.hddm_drift",0.0615762953933442,"task","task"
"attention_network_task.hddm_non_decision.ReflogTr","shape_matching.hddm_non_decision.ReflogTr",0.0643353266673609,"task","task"
"attention_network_task.hddm_thresh","shape_matching.hddm_non_decision.ReflogTr",-0.0560633088491276,"task","task"
"choice_reaction_time.hddm_non_decision.logTr","shape_matching.hddm_non_decision.ReflogTr",-0.083181426548601,"task","task"
"directed_forgetting.hddm_non_decision","shape_matching.hddm_non_decision.ReflogTr",-0.128373765782616,"task","task"
"local_global_letter.hddm_non_decision","shape_matching.hddm_non_decision.ReflogTr",-0.0889139476873506,"task","task"
"motor_selective_stop_signal.hddm_non_decision.ReflogTr","shape_matching.hddm_non_decision.ReflogTr",0.0683538473852332,"task","task"
"recent_probes.hddm_non_decision","shape_matching.hddm_non_decision.ReflogTr",-0.119289651507135,"task","task"
"attention_network_task.hddm_thresh","shape_matching.hddm_thresh.logTr",0.109259202657153,"task","task"
"choice_reaction_time.hddm_thresh","shape_matching.hddm_thresh.logTr",0.0626293078960148,"task","task"
"directed_forgetting.hddm_thresh","shape_matching.hddm_thresh.logTr",0.0568392631214957,"task","task"
"recent_probes.hddm_thresh","shape_matching.hddm_thresh.logTr",0.061455042397665,"task","task"
"shape_matching.hddm_drift","shape_matching.stimulus_interference_hddm_drift",-0.333814385221433,"task","task"
"adaptive_n_back.mean_load.logTr","shift_task.acc",0.0650995319075569,"task","task"
"adaptive_n_back.mean_load.logTr","shift_task.learning_rate",0.0579223680966722,"task","task"
"shift_task.acc","shift_task.learning_rate",0.323134715300997,"task","task"
"shift_task.acc","shift_task.model_learning_rate",0.148661502493076,"task","task"
"shift_task.model_beta.logTr","shift_task.model_learning_rate",-0.497807224490223,"task","task"
"choice_reaction_time.hddm_drift","simon.hddm_drift",0.210836659013842,"task","task"
"directed_forgetting.hddm_drift","simon.hddm_drift",0.0599525443136727,"task","task"
"go_nogo.dprime","simon.hddm_drift",0.16693831062516,"task","task"
"shape_matching.hddm_drift","simon.hddm_drift",0.0801141929226585,"task","task"
"choice_reaction_time.hddm_non_decision.logTr","simon.hddm_non_decision",0.088861718674288,"task","task"
"local_global_letter.hddm_non_decision","simon.hddm_non_decision",0.0586429017125986,"task","task"
"motor_selective_stop_signal.hddm_non_decision.ReflogTr","simon.hddm_non_decision",-0.0992216419510753,"task","task"
"recent_probes.hddm_non_decision","simon.hddm_non_decision",0.0631198758251452,"task","task"
"attention_network_task.hddm_thresh","simon.hddm_thresh",0.0740144681680752,"task","task"
"choice_reaction_time.hddm_thresh","simon.hddm_thresh",0.100591391836494,"task","task"
"psychological_refractory_period_two_choices.PRP_slope","simon.hddm_thresh",0.0654071369231553,"task","task"
"simon.hddm_drift","simon.simon_hddm_drift",-0.0927586580620725,"task","task"
"simon.hddm_thresh","simon.simon_hddm_drift",0.196333924670351,"task","task"
"choice_reaction_time.hddm_non_decision.logTr","simple_reaction_time.avg_rt.logTr",0.0651059860499965,"task","task"
"dot_pattern_expectancy.hddm_drift","simple_reaction_time.avg_rt.logTr",-0.0790054819778583,"task","task"
"motor_selective_stop_signal.hddm_non_decision.ReflogTr","simple_reaction_time.avg_rt.logTr",-0.0699630848849525,"task","task"
"recent_probes.hddm_drift","simple_reaction_time.avg_rt.logTr",-0.0508583176734817,"task","task"
"simon.hddm_non_decision","simple_reaction_time.avg_rt.logTr",0.099796423058844,"task","task"
"adaptive_n_back.mean_load.logTr","spatial_span.forward_span",0.05106054174368,"task","task"
"ravens.score","spatial_span.forward_span",0.0616783667994573,"task","task"
"adaptive_n_back.mean_load.logTr","spatial_span.reverse_span",0.0770213440448716,"task","task"
"ravens.score","spatial_span.reverse_span",0.0639780076901352,"task","task"
"spatial_span.forward_span","spatial_span.reverse_span",0.332622547114377,"task","task"
"motor_selective_stop_signal.SSRT","stim_selective_stop_signal.SSRT",0.11969884345995,"task","task"
"motor_selective_stop_signal.hddm_non_decision.ReflogTr","stim_selective_stop_signal.SSRT",-0.0761253696300612,"task","task"
"simple_reaction_time.avg_rt.logTr","stim_selective_stop_signal.SSRT",0.0595737611699773,"task","task"
"local_global_letter.hddm_drift","stim_selective_stop_signal.hddm_drift",0.0500664076976222,"task","task"
"motor_selective_stop_signal.hddm_drift","stim_selective_stop_signal.hddm_drift",0.152784671057111,"task","task"
"shape_matching.hddm_drift","stim_selective_stop_signal.hddm_drift",0.0581851089409012,"task","task"
"stim_selective_stop_signal.SSRT","stim_selective_stop_signal.hddm_drift",-0.0592741053165443,"task","task"
"attention_network_task.hddm_non_decision.ReflogTr","stim_selective_stop_signal.hddm_non_decision.ReflogTr",0.0970694104483635,"task","task"
"motor_selective_stop_signal.hddm_non_decision.ReflogTr","stim_selective_stop_signal.hddm_non_decision.ReflogTr",0.0616442332610636,"task","task"
"motor_selective_stop_signal.hddm_thresh.logTr","stim_selective_stop_signal.hddm_thresh.logTr",0.182403544284113,"task","task"
"stim_selective_stop_signal.SSRT","stim_selective_stop_signal.hddm_thresh.logTr",-0.146190329636886,"task","task"
"stim_selective_stop_signal.hddm_drift","stim_selective_stop_signal.hddm_thresh.logTr",0.200185934639898,"task","task"
"stim_selective_stop_signal.hddm_drift","stim_selective_stop_signal.reactive_control_hddm_drift",-0.178130862418919,"task","task"
"stim_selective_stop_signal.hddm_thresh.logTr","stim_selective_stop_signal.reactive_control_hddm_drift",0.0788815224338909,"task","task"
"motor_selective_stop_signal.SSRT","stop_signal.SSRT_high.logTr",0.16930768471582,"task","task"
"simple_reaction_time.avg_rt.logTr","stop_signal.SSRT_high.logTr",0.0904144640807952,"task","task"
"stim_selective_stop_signal.SSRT","stop_signal.SSRT_high.logTr",0.0549144304406385,"task","task"
"motor_selective_stop_signal.SSRT","stop_signal.SSRT_low",0.0872580920877322,"task","task"
"simple_reaction_time.avg_rt.logTr","stop_signal.SSRT_low",0.0851559982484628,"task","task"
"stim_selective_stop_signal.SSRT","stop_signal.SSRT_low",0.115927985069678,"task","task"
"stop_signal.SSRT_high.logTr","stop_signal.SSRT_low",0.421739797778829,"task","task"
"attention_network_task.hddm_drift","stop_signal.hddm_drift",0.0511710649318027,"task","task"
"choice_reaction_time.hddm_drift","stop_signal.hddm_drift",0.0620497644943801,"task","task"
"motor_selective_stop_signal.hddm_drift","stop_signal.hddm_drift",0.194002511491984,"task","task"
"shape_matching.hddm_drift","stop_signal.hddm_drift",0.060987131859371,"task","task"
"simon.hddm_drift","stop_signal.hddm_drift",0.111674564503148,"task","task"
"stim_selective_stop_signal.hddm_drift","stop_signal.hddm_drift",0.169377505039322,"task","task"
"choice_reaction_time.hddm_non_decision.logTr","stop_signal.hddm_non_decision.ReflogTr",-0.086426660562407,"task","task"
"motor_selective_stop_signal.hddm_non_decision.ReflogTr","stop_signal.hddm_non_decision.ReflogTr",0.0741355255905478,"task","task"
"simon.hddm_non_decision","stop_signal.hddm_non_decision.ReflogTr",-0.0758758644943368,"task","task"
"simple_reaction_time.avg_rt.logTr","stop_signal.hddm_non_decision.ReflogTr",-0.0606373502405841,"task","task"
"stim_selective_stop_signal.hddm_non_decision.ReflogTr","stop_signal.hddm_non_decision.ReflogTr",0.131805845182783,"task","task"
"motor_selective_stop_signal.hddm_thresh.logTr","stop_signal.hddm_thresh.logTr",0.0882490123049375,"task","task"
"simon.hddm_thresh","stop_signal.hddm_thresh.logTr",0.0650261203271313,"task","task"
"stim_selective_stop_signal.hddm_thresh.logTr","stop_signal.hddm_thresh.logTr",0.15609769955572,"task","task"
"stop_signal.hddm_drift","stop_signal.hddm_thresh.logTr",0.139933041838627,"task","task"
"stop_signal.SSRT_high.logTr","stop_signal.proactive_SSRT_speeding",-0.141377711548833,"task","task"
"stop_signal.SSRT_low","stop_signal.proactive_SSRT_speeding",0.337440209592711,"task","task"
"stop_signal.proactive_slowing_hddm_drift","stop_signal.proactive_slowing_hddm_thresh",0.355404800902832,"task","task"
"choice_reaction_time.hddm_drift","stroop.hddm_drift",0.076921264093949,"task","task"
"shape_matching.hddm_drift","stroop.hddm_drift",0.0648022234511903,"task","task"
"simon.hddm_drift","stroop.hddm_drift",0.0632002431364617,"task","task"
"stop_signal.hddm_drift","stroop.hddm_drift",0.0765697021713989,"task","task"
"attention_network_task.hddm_non_decision.ReflogTr","stroop.hddm_non_decision",-0.0727770407655794,"task","task"
"choice_reaction_time.hddm_non_decision.logTr","stroop.hddm_non_decision",0.126582442539615,"task","task"
"shape_matching.hddm_non_decision.ReflogTr","stroop.hddm_non_decision",-0.0987518463840312,"task","task"
"simon.hddm_non_decision","stroop.hddm_non_decision",0.139455653754405,"task","task"
"simple_reaction_time.avg_rt.logTr","stroop.hddm_non_decision",0.0711722236489993,"task","task"
"local_global_letter.hddm_thresh","stroop.hddm_thresh.logTr",0.0517039802570349,"task","task"
"motor_selective_stop_signal.hddm_thresh.logTr","stroop.hddm_thresh.logTr",0.0615555419584721,"task","task"
"shape_matching.hddm_thresh.logTr","stroop.hddm_thresh.logTr",0.136858165197171,"task","task"
"stroop.hddm_drift","stroop.hddm_thresh.logTr",0.274879525847137,"task","task"
"brief_self_control_survey.self_control","ten_item_personality_survey.agreeableness",0.0591743681070731,"survey","survey"
"dospert_rt_survey.ethical","ten_item_personality_survey.agreeableness",-0.108251165577137,"survey","survey"
"mindful_attention_awareness_survey.mindfulness","ten_item_personality_survey.agreeableness",0.0629995472916788,"survey","survey"
"sensation_seeking_survey.boredom_susceptibility","ten_item_personality_survey.agreeableness",-0.122008853113829,"survey","survey"
"bis11_survey.Nonplanning","ten_item_personality_survey.conscientiousness.ReflogTr",0.0870868767448904,"survey","survey"
"brief_self_control_survey.self_control","ten_item_personality_survey.conscientiousness.ReflogTr",-0.107655405802504,"survey","survey"
"grit_scale_survey.grit","ten_item_personality_survey.conscientiousness.ReflogTr",-0.0623441201678897,"survey","survey"
"self_regulation_survey.control","ten_item_personality_survey.conscientiousness.ReflogTr",-0.115283477723384,"survey","survey"
"bis11_survey.Attentional","ten_item_personality_survey.emotional_stability",-0.0820776208431762,"survey","survey"
"bis_bas_survey.BIS","ten_item_personality_survey.emotional_stability",-0.294625593547504,"survey","survey"
"erq_survey.reappraisal","ten_item_personality_survey.emotional_stability",0.0919098176098874,"survey","survey"
"five_facet_mindfulness_survey.nonjudge","ten_item_personality_survey.emotional_stability",0.0953600013967401,"survey","survey"
"five_facet_mindfulness_survey.nonreact","ten_item_personality_survey.emotional_stability",0.159879126652692,"survey","survey"
"bis_bas_survey.BIS","ten_item_personality_survey.extraversion",-0.0542889249569094,"survey","survey"
"dickman_survey.functional","ten_item_personality_survey.extraversion",0.101479399201247,"survey","survey"
"erq_survey.suppression","ten_item_personality_survey.extraversion",-0.0968568057870295,"survey","survey"
"five_facet_mindfulness_survey.describe","ten_item_personality_survey.extraversion",0.104033517099563,"survey","survey"
"future_time_perspective_survey.future_time_perspective","ten_item_personality_survey.extraversion",0.0676898054634196,"survey","survey"
"grit_scale_survey.grit","ten_item_personality_survey.extraversion",0.0503288884916543,"survey","survey"
"bis_bas_survey.BAS_fun_seeking","ten_item_personality_survey.openness",0.123550118080669,"survey","survey"
"dospert_rt_survey.social","ten_item_personality_survey.openness",0.0741376368901783,"survey","survey"
"five_facet_mindfulness_survey.observe","ten_item_personality_survey.openness",0.059492392516584,"survey","survey"
"sensation_seeking_survey.experience_seeking","ten_item_personality_survey.openness",0.189746042806017,"survey","survey"
"ten_item_personality_survey.extraversion","ten_item_personality_survey.openness",0.10204984671653,"survey","survey"
"brief_self_control_survey.self_control","theories_of_willpower_survey.endorse_limited_resource",-0.0829970790448712,"survey","survey"
"dickman_survey.functional","theories_of_willpower_survey.endorse_limited_resource",-0.0640045272208986,"survey","survey"
"grit_scale_survey.grit","theories_of_willpower_survey.endorse_limited_resource",-0.103448429825365,"survey","survey"
"adaptive_n_back.mean_load.logTr","threebytwo.hddm_drift",0.0657070197646591,"task","task"
"digit_span.reverse_span","threebytwo.hddm_drift",0.0650783425301903,"task","task"
"directed_forgetting.hddm_drift","threebytwo.hddm_drift",0.0959813216768188,"task","task"
"hierarchical_rule.score","threebytwo.hddm_drift",0.0917661966287853,"task","task"
"local_global_letter.hddm_drift","threebytwo.hddm_drift",0.0836779688971451,"task","task"
"ravens.score","threebytwo.hddm_drift",0.0715758527429818,"task","task"
"simon.hddm_drift","threebytwo.hddm_drift",0.0836345650148684,"task","task"
"stim_selective_stop_signal.hddm_drift","threebytwo.hddm_drift",0.0543951636384611,"task","task"
"stop_signal.hddm_drift","threebytwo.hddm_drift",0.095889039883727,"task","task"
"stroop.hddm_drift","threebytwo.hddm_drift",0.078998569046541,"task","task"
"threebytwo.hddm_drift","threebytwo.hddm_non_decision",0.345270662524671,"task","task"
"go_nogo.bias","threebytwo.hddm_thresh.logTr",0.0576902403924782,"task","task"
"local_global_letter.hddm_thresh","threebytwo.hddm_thresh.logTr",0.0933599436069473,"task","task"
"recent_probes.hddm_thresh","threebytwo.hddm_thresh.logTr",0.0549239468186228,"task","task"
"shape_matching.hddm_thresh.logTr","threebytwo.hddm_thresh.logTr",0.0973685911312224,"task","task"
"simon.hddm_thresh","threebytwo.hddm_thresh.logTr",0.147931479124285,"task","task"
"threebytwo.hddm_non_decision","threebytwo.hddm_thresh.logTr",-0.298312410382344,"task","task"
"threebytwo.cue_switch_cost_hddm_drift","threebytwo.task_switch_cost_hddm_drift",0.292729312531008,"task","task"
"bis11_survey.Nonplanning","time_perspective_survey.future",-0.157562697587583,"survey","survey"
"mpq_control_survey.control.ReflogTr","time_perspective_survey.future",-0.121696746642395,"survey","survey"
"ten_item_personality_survey.conscientiousness.ReflogTr","time_perspective_survey.future",-0.136479216150985,"survey","survey"
"bis_bas_survey.BIS","time_perspective_survey.past_negative",0.0999168325075652,"survey","survey"
"five_facet_mindfulness_survey.nonjudge","time_perspective_survey.past_negative",-0.22570527521572,"survey","survey"
"future_time_perspective_survey.future_time_perspective","time_perspective_survey.past_negative",-0.173815469014362,"survey","survey"
"ten_item_personality_survey.emotional_stability","time_perspective_survey.past_negative",-0.0971575906369217,"survey","survey"
"bis_bas_survey.BAS_reward_responsiveness","time_perspective_survey.past_positive",0.0802652747868427,"survey","survey"
"ten_item_personality_survey.agreeableness","time_perspective_survey.past_positive",0.0639024941902822,"survey","survey"
"time_perspective_survey.past_negative","time_perspective_survey.past_positive",-0.139530104599069,"survey","survey"
"bis11_survey.Nonplanning","time_perspective_survey.present_fatalistic",0.119577677416838,"survey","survey"
"self_regulation_survey.control","time_perspective_survey.present_fatalistic",-0.118305753032447,"survey","survey"
"time_perspective_survey.future","time_perspective_survey.present_fatalistic",-0.0903910857978563,"survey","survey"
"time_perspective_survey.past_negative","time_perspective_survey.present_fatalistic",0.15504575475505,"survey","survey"
"bis11_survey.Motor.logTr","time_perspective_survey.present_hedonistic",0.0663446956593912,"survey","survey"
"bis_bas_survey.BAS_drive","time_perspective_survey.present_hedonistic",0.0557689221204823,"survey","survey"
"bis_bas_survey.BAS_fun_seeking","time_perspective_survey.present_hedonistic",0.360939939778514,"survey","survey"
"mpq_control_survey.control.ReflogTr","time_perspective_survey.present_hedonistic",0.0895417518893645,"survey","survey"
"ten_item_personality_survey.extraversion","time_perspective_survey.present_hedonistic",0.0879629810435407,"survey","survey"
"ten_item_personality_survey.openness","time_perspective_survey.present_hedonistic",0.0672952871430647,"survey","survey"
"information_sampling_task.Decreasing_Win_motivation","tower_of_london.avg_move_time.logTr",-0.0801937316956108,"task","task"
"information_sampling_task.Fixed_Win_motivation","tower_of_london.avg_move_time.logTr",-0.183982469618677,"task","task"
"psychological_refractory_period_two_choices.PRP_slope","tower_of_london.avg_move_time.logTr",0.0837301242648252,"task","task"
"shape_matching.hddm_non_decision.ReflogTr","tower_of_london.avg_move_time.logTr",-0.0581074638955664,"task","task"
"spatial_span.forward_span","tower_of_london.avg_move_time.logTr",-0.0956188364953851,"task","task"
"spatial_span.reverse_span","tower_of_london.avg_move_time.logTr",-0.0579611796002113,"task","task"
"information_sampling_task.Fixed_Win_motivation","tower_of_london.num_extra_moves",0.0530370925066285,"task","task"
"tower_of_london.avg_move_time.logTr","tower_of_london.num_extra_moves",-0.167201363758196,"task","task"
"ravens.score","tower_of_london.num_optimal_solutions",0.0610312739679967,"task","task"
"tower_of_london.avg_move_time.logTr","tower_of_london.num_optimal_solutions",-0.129993402435177,"task","task"
"tower_of_london.num_extra_moves","tower_of_london.num_optimal_solutions",-0.135035371604447,"task","task"
"tower_of_london.avg_move_time.logTr","tower_of_london.planning_time",0.156848963595792,"task","task"
"tower_of_london.num_extra_moves","tower_of_london.planning_time",-0.390677698319435,"task","task"
"cognitive_reflection_survey.correct_proportion","two_stage_decision.model_based",0.0770178978919002,"survey","task"
"ravens.score","two_stage_decision.model_based",0.0601499802454235,"task","task"
"two_stage_decision.model_based","two_stage_decision.model_free",-0.12131184007446,"task","task"
"stim_selective_stop_signal.hddm_drift","two_stage_decision.perseverance",0.0625587136469942,"task","task"
"two_stage_decision.model_based","two_stage_decision.perseverance",0.475949488983117,"task","task"
"bis11_survey.Nonplanning","upps_impulsivity_survey.lack_of_perseverance",0.0618635320623127,"survey","survey"
"bis_bas_survey.BAS_drive","upps_impulsivity_survey.lack_of_perseverance",-0.112584466423973,"survey","survey"
"five_facet_mindfulness_survey.act_with_awareness","upps_impulsivity_survey.lack_of_perseverance",-0.0950785171016476,"survey","survey"
"grit_scale_survey.grit","upps_impulsivity_survey.lack_of_perseverance",-0.278224513368614,"survey","survey"
"selection_optimization_compensation_survey.optimization.ReflogTr","upps_impulsivity_survey.lack_of_perseverance",0.104612676737406,"survey","survey"
"self_regulation_survey.control","upps_impulsivity_survey.lack_of_perseverance",-0.196410275947153,"survey","survey"
"ten_item_personality_survey.conscientiousness.ReflogTr","upps_impulsivity_survey.lack_of_perseverance",0.120371656584632,"survey","survey"
"time_perspective_survey.future","upps_impulsivity_survey.lack_of_perseverance",-0.150737356666594,"survey","survey"
"bis11_survey.Motor.logTr","upps_impulsivity_survey.lack_of_premeditation",0.136948201881867,"survey","survey"
"bis11_survey.Nonplanning","upps_impulsivity_survey.lack_of_premeditation",0.087481638124658,"survey","survey"
"dickman_survey.functional","upps_impulsivity_survey.lack_of_premeditation",0.0733703813547303,"survey","survey"
"mpq_control_survey.control.ReflogTr","upps_impulsivity_survey.lack_of_premeditation",0.155891559511575,"survey","survey"
"time_perspective_survey.future","upps_impulsivity_survey.lack_of_premeditation",-0.176589368651717,"survey","survey"
"time_perspective_survey.present_hedonistic","upps_impulsivity_survey.lack_of_premeditation",0.0966937609970433,"survey","survey"
"bis11_survey.Attentional","upps_impulsivity_survey.negative_urgency",0.0565151833105467,"survey","survey"
"bis11_survey.Motor.logTr","upps_impulsivity_survey.negative_urgency",0.096269719566205,"survey","survey"
"brief_self_control_survey.self_control","upps_impulsivity_survey.negative_urgency",-0.224766646916938,"survey","survey"
"mindful_attention_awareness_survey.mindfulness","upps_impulsivity_survey.negative_urgency",-0.0674415864698959,"survey","survey"
"self_regulation_survey.control","upps_impulsivity_survey.negative_urgency",-0.072138428328363,"survey","survey"
"ten_item_personality_survey.emotional_stability","upps_impulsivity_survey.negative_urgency",-0.0791641369908836,"survey","survey"
"time_perspective_survey.past_negative","upps_impulsivity_survey.negative_urgency",0.0669025042768283,"survey","survey"
"bis11_survey.Motor.logTr","upps_impulsivity_survey.positive_urgency",0.0651049790140621,"survey","survey"
"dospert_rt_survey.ethical","upps_impulsivity_survey.positive_urgency",0.0731146666137142,"survey","survey"
"time_perspective_survey.present_hedonistic","upps_impulsivity_survey.positive_urgency",0.0824787191955128,"survey","survey"
"upps_impulsivity_survey.lack_of_premeditation","upps_impulsivity_survey.positive_urgency",0.0877060339079046,"survey","survey"
"upps_impulsivity_survey.negative_urgency","upps_impulsivity_survey.positive_urgency",0.343379299909777,"survey","survey"
"bis_bas_survey.BAS_fun_seeking","upps_impulsivity_survey.sensation_seeking",0.147044305776514,"survey","survey"
"dickman_survey.functional","upps_impulsivity_survey.sensation_seeking",0.0657237759767519,"survey","survey"
"dospert_eb_survey.recreational","upps_impulsivity_survey.sensation_seeking",0.0989712133607156,"survey","survey"
"dospert_rt_survey.financial","upps_impulsivity_survey.sensation_seeking",0.0627558118863043,"survey","survey"
"dospert_rt_survey.recreational","upps_impulsivity_survey.sensation_seeking",0.140544680768083,"survey","survey"
"impulsive_venture_survey.venturesomeness","upps_impulsivity_survey.sensation_seeking",0.330246044635977,"survey","survey"
"sensation_seeking_survey.boredom_susceptibility","upps_impulsivity_survey.sensation_seeking",0.0504596714338139,"survey","survey"
"sensation_seeking_survey.disinhibition","upps_impulsivity_survey.sensation_seeking",0.0563776119849418,"survey","survey"
"sensation_seeking_survey.thrill_adventure_seeking","upps_impulsivity_survey.sensation_seeking",0.215327297273577,"survey","survey"
"time_perspective_survey.present_hedonistic","upps_impulsivity_survey.sensation_seeking",0.090542144651121,"survey","survey"
